Store,ActualSales,MAE,RMSPE
842,1555382,6062.1678255208335,0.2991221120649243
909,795812,4587.657386654713,0.4419660276068793
192,999619,4195.366139322917,0.3147996818845784
817,1608518,4146.882131476152,0.2055041702333555
1114,1740693,4124.440995065789,0.19396846354794814
698,1305999,3914.835693359375,0.2310470434549558
1033,1100173,3324.2385639391446,0.23010005803404115
788,1397417,3253.3257606907896,0.18344384502439676
262,1956193,3230.370138650412,0.16866866981531886
251,1479462,3223.2824479166666,0.1749585051146889
108,958923,3200.2506184895833,0.2605349685316675
640,925343,3067.73900390625,0.2521821340977096
533,834377,3056.331041666667,0.27602251497763186
586,1179274,2991.0684375,0.20450210747969436
827,1199254,2871.864501953125,0.19848323245011143
467,1039728,2844.6989713541666,0.22402277996592554
513,1346447,2814.7426243832238,0.17196511179707064
279,775090,2769.86232421875,0.2649084023336945
35,861786,2751.5470597550675,0.23941256596361124
546,1131111,2727.103824013158,0.19489188125758605
903,896959,2722.03583984375,0.2451621109232842
831,976308,2679.6437760416666,0.21265223608377185
560,1117576,2678.2852461965463,0.1898524515659923
697,851232,2649.7771875,0.23463848078256486
587,836623,2589.94771484375,0.25079984878254313
739,825349,2582.052799479167,0.238529514309622
1063,347536,2536.368029142681,0.6041320854681655
527,847661,2515.903359375,0.23157659869180067
684,695474,2468.8772591145835,0.2713146200979974
578,867400,2457.990304129464,0.2915499277279289
971,604590,2445.900153882576,0.279182119341521
729,848140,2445.379856770833,0.2196248202657044
1073,721726,2439.1906770833334,0.25653505524495646
207,871144,2421.214535361842,0.21488195039890756
876,637784,2372.6497133316534,0.32639765215306876
853,742092,2369.6791276041668,0.2511559029970172
895,773095,2324.458971354167,0.2405475989369701
368,791900,2287.95625,0.2164356131257114
543,204244,2265.1500748697918,1.041437451822584
84,1018027,2241.39375,0.17097429341593026
380,1105723,2210.4841145833334,0.16185231559328742
336,1043369,2202.5984244791666,0.16946685584274812
316,787089,2165.63109375,0.2095551815590566
234,844062,2158.76822265625,0.19854114855512142
445,686673,2146.4865169270834,0.2645815569075754
531,394264,2106.34619140625,0.45134682565818235
768,1028988,2105.0670872738488,0.16330755029381097
709,790437,2067.0447548314146,0.2034960393091425
333,787760,2062.1236572265625,0.2113002163026472
211,1069445,2042.3242701480262,0.1676060118109415
431,767250,2033.7754622395832,0.20798765601369631
425,253818,2031.890400390625,0.7597414589662739
125,939199,2027.0878713507402,0.19254373744736453
756,1332328,2022.9528255208334,0.1329832066285046
60,690871,2015.6981715152137,0.24424588870410296
723,621735,2005.0080989583332,0.24348808364363067
358,788505,2003.85755859375,0.20010077798224693
320,1154045,2001.224853515625,0.1514612880717338
473,261865,1955.12990234375,0.6585664605033058
421,764905,1941.3208072060033,0.21153379531299013
945,333204,1938.2706684313323,0.48803145739511905
250,693766,1933.7282877604166,0.21194802569644586
388,792797,1927.2673502604166,0.1943052179817097
522,677201,1926.2718033854167,0.22603198689878715
422,339025,1906.5726703844573,0.47267001307354317
645,833945,1900.7633138020833,0.18711081731409898
972,257376,1898.742123252467,0.725635081483375
816,367308,1893.3486979166667,0.4764810666834097
963,852637,1890.0415360300165,0.20712126609502826
310,775739,1888.338344029018,0.5316331258592296
472,409868,1888.0214329769738,0.40200099286430163
233,758803,1886.7622721354167,0.19708760628089947
117,287133,1886.6497884114583,0.5815669080793265
411,749959,1885.89984375,0.19709253359723086
532,853695,1881.4488736979167,0.17732334766204452
412,735869,1875.674140625,0.21196934367340636
794,258456,1869.1999351099919,0.6582758900274981
809,748359,1860.96650390625,0.19351487308438634
332,280564,1855.6304674650494,0.6977212967805788
545,861703,1851.84388671875,0.16472756982191267
390,931101,1848.1489000822369,0.16121944912053604
974,929903,1837.6785807291667,0.1601624715331689
335,1263775,1836.307627918956,0.14488115567752616
938,738592,1836.1743549547698,0.19687207343614668
515,701518,1831.1890169270832,0.2071382715758679
389,844649,1828.3892115542762,0.18369288165832134
544,1043706,1820.3892115542762,0.1469868880857122
292,382527,1814.999755859375,0.8405450371816453
682,1035300,1801.3934956644919,0.1735490286275232
464,798040,1800.1623856393915,0.19369728935103722
479,875117,1799.5615105879933,0.17408618571348086
897,252604,1779.93962890625,0.5987887349004514
434,806710,1776.5914908854168,0.1807230258927917
964,706340,1767.7598177083332,0.21869689046649468
558,250675,1759.7767044870477,0.5961301614091745
501,375658,1754.69296875,0.4620614246767437
562,1619349,1753.7197265625,0.11760021680685208
236,581368,1743.9036929481908,0.2365998270122232
637,702104,1742.3714713541667,0.20029519588235278
447,417045,1736.8307077508223,0.35728680270299723
453,848793,1734.5345552884614,0.2161253525791301
520,316139,1729.4187461451481,0.4689952099866395
183,405916,1726.033939422123,0.2882448629549327
493,682526,1725.0260091145833,0.19950716152157688
379,322193,1718.9567678351152,0.48342597772669277
432,893451,1717.9381296258223,0.18659151995113613
789,290035,1709.214912109375,0.5355168887569186
770,373797,1699.8884830729166,0.4642158936504489
1027,993956,1688.959921875,0.1633689918962741
271,606753,1688.8937763414885,0.3589744350209908
1113,507416,1686.6806576377467,0.3052869897744595
970,224099,1685.453681640625,0.8605762956186205
722,693559,1683.4120644017269,0.20425832469728422
574,718066,1672.3602669270833,0.18767943409808202
423,1070682,1671.4124205872254,0.18142942156816325
704,853304,1667.1385562294408,0.16109209522162032
259,1200975,1666.4365019745878,0.14497682874348825
820,913017,1663.6354166666667,0.1517134421424901
535,640011,1662.5402604166666,0.20730472422936108
444,889793,1656.5486867804277,0.1619545655163323
905,521050,1654.8364127604166,0.3039108705839303
348,692073,1653.7301171875,0.21406580837356404
157,764939,1646.5377734375,0.17034489924761684
912,446373,1645.3356805098683,0.3483111977869366
1010,725594,1644.9122250205592,0.18768902689352202
459,705463,1644.1002197265625,0.18153689655215308
791,676229,1641.246484375,0.19159665455073208
299,684822,1639.3902064732142,0.30025683984850504
416,880196,1638.1775930304277,0.15204565272237427
1080,822763,1630.7978255208334,0.15967352302692928
799,761746,1630.3730598958334,0.1769782260668736
381,697846,1620.695492393092,0.19372210852071747
642,267006,1617.2038444010416,0.5319339919311883
270,774575,1608.3539268092106,0.17114531547820283
367,426700,1608.0203407689144,0.35581145927677027
128,645044,1606.2113932291666,0.19270405010734667
536,632591,1604.00734375,0.1973845692800739
1021,741535,1596.7411145662006,0.17944332828720577
267,715174,1591.2134046052631,0.1922578512399858
570,318058,1585.4703678385417,0.46784948468841836
913,675153,1584.7144270833332,0.18850225169524146
286,285310,1583.9015364583333,0.602608868628979
906,816118,1575.5076432291667,0.15588367695558875
468,465561,1575.3820415296052,0.3503459050055176
815,484584,1573.5168815104166,0.30224737152758213
655,676315,1568.9045052083334,0.18045874685234128
1092,944411,1562.8645052083334,0.14052405484555555
1014,792544,1562.6315299479168,0.37041833159427723
345,330573,1546.326484375,0.42128746676438267
888,690505,1539.2173943770558,0.18513628348095362
435,240794,1533.8829915364583,0.5330681039085791
557,320176,1531.2125130208333,0.45710540146477224
488,285927,1530.7802348889802,0.4710984440081194
341,440246,1523.8232161458334,0.29198182005842627
502,799584,1516.8400520833334,0.1686234442221338
199,652742,1511.2065299479166,0.18183670399877683
676,882553,1506.2557145003434,0.17529865752381432
703,248866,1506.2390397135416,0.5214294999546025
807,775503,1503.7048177083334,0.1791772927812146
497,688978,1503.5110677083333,0.1797752665906279
534,596279,1502.9108919270834,0.24009952484154712
167,731594,1500.9516408819902,0.20198855828190615
921,678074,1500.5714175575658,0.2784586614311579
456,458155,1499.7311653645834,0.3251694491723129
675,285156,1496.414853515625,0.5010874348478789
401,571088,1495.5529078433387,0.25439019473314056
735,420615,1495.0915591591283,0.3784819227391661
705,617206,1493.591875,0.19203381225396332
1066,802606,1491.40015625,0.1541533587864355
229,698312,1490.3255403645833,0.17070493976513385
539,875549,1487.99859375,0.14296360030480051
958,299421,1484.4927721525494,0.4082293813658285
894,656737,1482.4538411458334,0.18509856891088816
178,779622,1481.3429661800988,0.16050838673777207
995,737942,1468.6283344469573,0.16060802392026455
396,795240,1467.7011782997533,0.18724142487502976
1051,612685,1467.69927734375,0.1867851674434364
214,737313,1466.2688802083333,0.16064910093525225
372,716779,1465.83041015625,0.16183576475314576
719,406021,1457.91708984375,0.3471136576826454
687,711535,1457.45806640625,0.1701182204137073
726,848282,1452.1577662417762,0.15687438789785618
1056,359102,1447.51451171875,0.3772204547803692
122,675515,1446.006833254636,0.2441249823118515
1075,911609,1443.7780633223683,0.13408296830233457
679,767179,1440.77783203125,0.15335762473212525
911,761238,1439.9485826994244,0.15708200640994546
469,886112,1436.810456928454,0.1391559177757253
263,337561,1436.3038997395834,0.38830397179226356
595,1168589,1434.7534308182567,0.11762327072879443
426,386297,1427.68771484375,0.330748661485082
769,1130454,1425.151592548077,0.13036662177863043
868,758574,1421.6655859375,0.15310833463473203
857,632376,1417.1986458333333,0.17929929154828617
696,700117,1416.7772666529606,0.18282765915634674
585,379044,1414.5045294510692,0.37576996499890575
91,355406,1412.5079947916668,0.36483328207150734
1101,793491,1407.5687448601973,0.14829300320831182
925,547993,1404.89412109375,0.22087563801385773
342,879947,1403.11046875,0.13225795778071384
841,198347,1402.9285278320312,0.5944308514257931
383,1298641,1398.7651432291666,0.09931785876798456
608,731636,1398.6013633326481,0.17890749455615768
448,653626,1394.4273111979167,0.17971906075409275
83,297101,1393.9976334635417,0.3986291575733418
622,340200,1392.7632189298931,0.39436286928549913
773,400172,1386.0068684895834,0.3071832969798049
1045,752734,1385.3730898008241,0.21244536744241171
603,560503,1379.4390299479167,0.21275985771463338
610,322010,1378.6971614583333,0.4118232641501008
772,313339,1377.8311478464227,0.40792485725683997
749,354035,1374.0562109375,0.41692849595450704
407,332802,1372.403134765625,0.3633150140606965
928,617591,1372.3585416666667,0.17506308533745224
730,560495,1370.570710834704,0.26139427329826215
387,717767,1369.5915364583334,0.16180947594366488
530,555005,1366.3032950935783,0.28822298868790514
548,392770,1363.9894401041668,0.352214141115736
442,355665,1360.9305859375,0.36362021102674275
24,752299,1360.0272381756756,0.14280270661151742
133,454711,1359.9281455592106,0.3762593312962542
952,469377,1358.50869140625,0.2771031380438722
73,355847,1355.465576171875,0.43041241104756106
129,671836,1351.26361328125,0.16606656741821227
395,305612,1351.2102473958332,0.38380786027845254
732,655973,1350.8934071299793,0.3354464755165406
308,674603,1349.6986588541668,0.15893286412104604
484,605253,1345.2494860197369,0.20039423409427873
208,237088,1345.1532881887335,0.5136031772257845
594,337626,1342.018872712788,0.4089905938093695
800,364372,1338.13005859375,0.34088337671988145
571,652653,1336.8547981770832,0.1742679854555262
599,766765,1334.7556987561677,0.14778208527120087
690,430516,1334.6091276041666,0.2728612529291191
329,531789,1331.6319661458333,0.1989347426948811
553,581748,1331.0806705729167,0.2007560226529035
1064,747660,1330.97779296875,0.1467505094407399
148,695560,1330.6444156044408,0.16256828320414213
755,839190,1326.4400442023027,0.13837471767441242
104,815106,1325.9308246813323,0.14408396060560755
528,826083,1319.6305143229167,0.1411281446640076
904,437694,1319.0583658854166,0.3011998943032461
907,528838,1316.0487044270833,0.2616616738498689
1089,814784,1314.7579427083333,0.13399873038342788
64,866530,1311.17205078125,0.12777625113917304
510,634309,1310.1203255208334,0.19716845894546894
344,736317,1308.2477513363488,0.1474368165168692
1097,994470,1305.2240245106457,0.13336628404854667
90,657885,1298.2287760416666,0.1615008947540081
492,616752,1296.56470703125,0.17740397390149507
285,431224,1295.8331640625,0.2627956246662439
626,718325,1294.9332660875823,0.16525038016723298
828,405283,1292.6463558799342,0.46971530805839623
997,381151,1287.5968033854167,0.3237506616640781
140,586139,1285.2595638020832,0.17671594957184825
118,655066,1284.5653590152137,0.15923375352468708
707,661937,1281.4139192708333,0.18231382990821643
165,298154,1279.9546516927082,0.3682683648019551
393,465381,1274.3847395833334,0.27192439358889137
58,551975,1272.4689127604167,0.19225245605270985
1019,664565,1272.2313216145833,0.1728750691742009
366,467382,1271.3102898848683,0.4582204531682757
269,665789,1270.1242838541666,0.25768595805611216
307,205995,1266.1469357139185,0.5561062375970223
206,600535,1264.45763671875,0.18863048150783726
785,568494,1262.727265625,0.1765073373440387
838,666847,1253.796875,0.16343173126344027
480,373636,1251.100406044408,0.4067445712165222
266,320107,1249.8783697831004,0.3873762488474285
430,682638,1248.0584309895833,0.15605078297473868
20,636600,1245.977149757179,0.17011559172298032
373,355577,1244.5574348958332,0.304042288167466
649,283922,1242.8226173802425,0.4403613426054329
899,395459,1242.787417763158,0.6891023334060228
736,376129,1242.0530989583333,0.31302141491653096
607,287439,1241.7121967516448,0.7425730621953447
450,699325,1238.1849869791668,0.15336099490663024
7,717730,1236.2665625,0.15296006857897015
656,255136,1232.4312532552083,0.41217847501240673
659,415684,1230.7809830729166,0.33261052944570085
257,389367,1228.5482338353206,0.33743406436000617
774,420738,1228.1493305407073,0.27818885643383706
738,681200,1227.6481184895833,0.1540910735871107
734,419197,1226.981484375,0.34461151659383776
48,269257,1226.7062313682154,0.38040090757962275
725,450669,1222.5390496504933,0.24728562873003104
552,593637,1221.077421875,0.17706118396142345
1061,645107,1220.6206315104166,0.16184847436517835
702,328288,1217.6381868489584,0.3296009837951832
394,681791,1217.3272526041667,0.14921488223885998
291,600836,1216.9266164679277,0.23290924409742264
999,706320,1216.455720600329,0.16059605766826127
1012,449738,1212.1965559895834,0.2585956089733503
113,451387,1211.8456315104168,0.2569035907458727
1037,491396,1209.3241927083334,0.267503028964185
914,709928,1208.809506064967,0.17089517358873985
713,712429,1208.7962825520833,0.16508305024695746
306,349124,1207.36765625,0.34702798321202766
846,705920,1203.7118815104166,0.1498473774411606
711,452526,1203.5668098958333,0.255278501277824
323,590450,1198.5598046875,0.16874238125824298
455,621893,1197.4159049479167,0.16598029669533995
1018,855529,1194.9434621710527,0.12543776819613797
507,664499,1191.7649674479167,0.1622939151696822
787,802975,1190.0526251541942,0.13552143205222744
212,354977,1188.5334922388981,0.30418807623334393
632,594343,1185.9633275082238,0.18309087114149597
42,789234,1185.0168424479166,0.1334928717596144
359,517499,1184.8750325520834,0.21119742322016385
633,559775,1184.3644140625,0.18542090107403866
957,631623,1182.297054893092,0.24183874616372766
6,355463,1178.2273209635416,0.30689884482680635
902,315080,1177.84654296875,0.33426024195673326
134,356327,1176.0032573499177,0.2967110866950684
325,472259,1171.0809765625,0.27356957574457774
947,593490,1170.3626236979167,0.19793384210078674
761,711836,1170.3136114823192,0.14102247982921973
406,561930,1164.4931184895834,0.16658178385776512
80,620845,1164.465390625,0.16135156983823248
253,433076,1164.0062630208333,0.2882449169479378
85,682630,1161.0376781421703,0.1900436669780532
384,714465,1159.8392976459704,0.17350556525336677
330,312495,1158.7096126302083,0.3404609136871511
413,546208,1154.0137565104167,0.2633032320358583
16,612737,1153.2048801731419,0.1677981115898913
825,386392,1150.6755794270832,0.2767451005753598
154,700582,1150.1685872395833,0.1441347644273939
826,687603,1149.9355533854166,0.14601446071589919
110,351314,1149.1893503289473,0.3320739098789037
966,368953,1149.144765625,0.2825190816791443
644,695981,1148.8791536458334,0.14210627486113875
647,458171,1147.9202495374177,0.25039558301285203
302,298219,1147.2851790364584,0.36553312744311744
727,359238,1145.6507747395833,0.2932805496276204
662,642282,1143.2555574115954,0.14522882726489064
27,733824,1143.069751636402,0.13795296712817948
171,638650,1142.858515625,0.14483036482977615
68,610435,1142.7613139905427,0.1737557319513535
218,369439,1142.2046875,0.4721505693948665
1081,581843,1141.4178453382556,0.44773521198739624
577,368113,1136.5761782997533,0.29286539607059814
324,403529,1136.4344835783306,0.5165589930260682
559,457605,1135.0775596217106,0.5538785257124966
31,436021,1134.9278580729167,0.22941854989210403
951,627807,1133.84029296875,0.14555786200341791
620,665552,1131.1555598958332,0.14518139259599736
881,318730,1130.341318359375,0.3887863420079628
254,248074,1130.246201171875,0.4453259664450973
458,598585,1129.9479622395834,0.1664720325914664
123,629111,1129.3797800164473,0.19525129820462958
474,587809,1129.0331324527137,0.18338336922935605
419,415842,1128.5023835834704,0.3142029321740725
76,708735,1127.9287760416667,0.14830853453804985
863,708897,1125.2855425824175,0.338419715545561
25,810290,1123.3761085304054,0.12275673299135759
438,433662,1121.3618035567433,0.2910155664155228
636,498800,1118.52595703125,0.19536603517710338
475,493920,1117.2070833333332,0.20636474509981767
733,1383217,1116.7628562843406,0.08577408212462505
375,713562,1115.7653423108552,0.1775859029866306
839,298507,1114.7500610351562,0.444340472530622
615,714450,1114.7027799479167,0.13492213730451966
639,336921,1112.8793912760416,0.31927084431641906
948,770658,1112.711178957761,0.14783138254998088
593,741798,1112.3523077713817,0.13935579627453104
924,348625,1108.74431640625,0.3333168777330886
158,646484,1107.8725520833334,0.15245926027733323
312,425898,1107.6890690104167,0.2590647578555233
476,460725,1106.8939851459704,0.47065881890855066
40,333493,1104.3552669270832,0.30437653876411086
57,690826,1104.0599172491777,0.21626493205519629
693,507234,1103.3580859375,0.19689900449720457
452,365390,1103.097338224712,0.30972427273119096
811,319371,1102.8737953587581,0.30149735020401547
673,614310,1097.98712890625,0.14818820906559477
4,745776,1097.6812565104167,0.12716813090499635
668,698646,1096.5846782483552,0.14369566472717846
219,241649,1096.4056184895833,0.4306194497668773
59,419611,1095.126220703125,0.43691855776648314
758,374668,1093.9583170572917,0.3061334350253356
357,618659,1093.5450824938323,0.14854126526519484
300,583387,1092.3149153645834,0.16211144775751635
298,664189,1091.9414518229166,0.15110800137082336
152,425159,1091.413046875,0.30235845279145296
940,590634,1091.0136269017269,0.184028388430777
985,650231,1089.818203125,0.14196867079768574
982,642438,1089.3286068564967,0.1555968866773613
1042,313203,1088.8653580729167,0.3181214876359819
523,1047410,1088.8634482935856,0.10140585963219502
483,375872,1087.9845709549754,0.6818979157969401
443,408272,1085.7905980160363,0.264281065831954
198,217474,1083.9095587479442,0.7552582168712838
174,481976,1082.915,0.19817063012771147
1069,485722,1082.4823512027137,0.2856115273804678
873,284707,1080.5516261050575,0.3433323076286942
751,321539,1080.3790787760418,0.3180498541728478
956,243733,1080.3395491536457,0.4210545181425087
1026,728129,1079.3682486979167,0.12681420601695498
1099,715709,1077.1178206559066,0.18518614828530916
282,355070,1076.7781275699012,0.276619215564122
1038,451362,1075.9383072916667,0.22332931664482297
276,289613,1075.7107865182977,0.3848401203171522
370,613567,1074.0254557291667,0.1417705127101103
654,517144,1072.2116442228619,0.40322987348087425
717,409460,1069.3824153645833,0.27415665897733354
470,930593,1068.7215494791667,0.10960433201549058
170,320930,1067.9136881510417,0.31155434509653235
949,415476,1067.8836669921875,0.3241336396300006
849,645794,1067.3023167660363,0.14364181782831723
874,384501,1066.2216732627467,0.24960857797655395
97,539781,1066.0528949938323,0.26930226830321563
678,586286,1065.80796875,0.15426838656670827
880,614148,1064.2963606770834,0.14916213061650047
810,452945,1063.97521484375,0.20842288415419288
993,595509,1063.6990517064144,0.17127327854244087
612,501820,1062.7559505208333,0.2743691552790747
996,555447,1061.0749832956415,0.1792858107500558
39,411466,1059.3771028645833,0.25356751063077954
415,496184,1058.1549200760692,0.7640943587186773
554,416958,1053.2120811060856,0.27707432549226485
896,542246,1052.6915283203125,0.1802878885293428
437,562306,1051.9704525596217,0.1771046331032635
195,836803,1050.9924869791666,0.11533780784112363
1002,518908,1050.8718133223683,0.21030685035437555
190,601387,1050.3673763020834,0.1440686858567167
526,821717,1047.9162019428454,0.1566220106013664
36,740942,1047.8564387141048,0.12682603141106003
580,752804,1047.332185444079,0.13890228270642097
926,577826,1046.5341536458334,0.15485082090292235
461,361251,1046.2955208333333,0.2888848597326766
56,642582,1045.731328125,0.14271816189207487
1032,701175,1043.7957635176808,0.18778938283428484
34,632190,1042.6317447916667,0.1426263420729953
242,314964,1041.9615494791667,0.31856960051114674
466,596944,1041.7252408854167,0.21224501630509512
1068,355857,1041.6958919270833,0.26528847203615613
814,662729,1041.347257915296,0.14919906289908724
424,577500,1040.5378385416666,0.14843061608613123
230,616058,1039.4849725020558,0.14861066319205365
1046,703650,1038.8620155736019,0.1350313453755931
588,489260,1037.6092914782073,0.21632309850212464
115,626538,1036.0753059895833,0.14372076123384744
353,628193,1035.1334402901787,0.17172272437284108
740,592955,1033.1413151041668,0.1543391107664316
524,682678,1032.6324127532623,0.6322525145953286
1110,366465,1032.1698833264802,0.3084573007055006
933,573622,1030.5322394120067,0.2306993941575773
798,571459,1030.1195004111842,0.32112209604372555
818,496852,1028.8988541666668,0.16901523182817266
865,627234,1028.6381380208334,0.14768035135537305
281,465630,1028.2837428042762,0.21595051910791896
779,548654,1027.8500719572369,0.2707464092046073
916,426832,1025.653984375,0.2203801939273464
495,423485,1025.4004622395832,0.2382590632309351
277,476634,1025.1938671875,0.21025201984538877
268,380188,1025.0211245888158,0.2557876270811268
81,575210,1023.9361393229167,0.15517215299441314
923,419963,1020.6217169510691,0.22449474124888083
1078,572411,1019.642265625,0.16090177868802458
731,699911,1018.9418098958333,0.12619185748473638
213,660196,1018.0342838541667,0.13160615569257417
449,816535,1017.8209895833334,0.12187443371181708
185,530677,1017.4822291324014,0.20707409560897735
485,411569,1017.0403385416666,0.23352693687604004
215,493080,1016.4559309895833,0.19580458394198386
144,579311,1015.1350611636514,0.2792219337244151
767,463933,1015.0559788754111,0.27695722842547155
538,317936,1014.6661119962994,0.32617717146670594
630,451710,1014.4713932291667,0.3912274650490202
550,474036,1014.1962369791667,0.2318569818922339
664,405512,1013.4254728618421,0.2608318213441089
1047,378758,1013.2420768229167,0.2718226682744159
1090,500733,1012.5894968133224,0.2866562709902463
315,337108,1012.3348420795642,0.34569747800598255
866,542243,1011.9942057291667,0.15482050785645166
715,486445,1010.8101421155428,0.45865966657615803
274,491692,1010.5151554987981,0.23802346337411673
750,388183,1010.340546875,0.24123256238694585
69,693263,1006.19904296875,0.1294626460321228
164,509975,1004.4347428385416,0.15848352597840984
1009,369886,1003.5423795572916,0.24690067039154584
1049,293642,1002.8490266927083,0.2987618909190987
967,617766,1001.4294856770833,0.15957929496533876
354,665109,1001.08693359375,0.12911307873615524
915,516133,999.6634505208333,0.18591552903910644
29,623383,998.1060626055744,0.14308059045323107
433,482706,996.2887110448146,0.5670083086992708
634,520867,992.318513569079,0.2959522773456166
100,634055,991.29376953125,0.1476246535140802
592,336506,990.27154296875,0.28930870925716573
1086,453709,988.4357486979167,0.24913610707572248
657,459234,988.18375,0.24388914778879972
1,330647,987.4384534681166,0.2598174124384302
217,388281,987.3760086862665,0.231064037674354
680,400091,986.8656519839639,0.24693940323840138
944,558284,986.3220407586349,0.17729135402726068
240,383409,986.2564954255756,0.2259407591273237
871,541614,985.94998046875,0.1653981198167547
1006,519594,981.8814247532895,0.15837549307831647
176,395526,980.435,0.30475988734541937
781,366000,980.4245862458881,0.3687342744683665
898,515076,980.1666227641858,0.42971815802456886
796,588328,979.2429296875,0.16297897890146745
107,595533,978.593171772204,0.15646131862239407
694,645461,976.9682747395833,0.13142358529253492
1022,566069,975.9628841145833,0.19221148129181403
82,701601,975.3788736979167,0.11926673316322765
829,442737,974.8710416666667,0.23405235215197429
851,409003,974.0971484375,0.22336525662627513
385,572557,973.05388671875,0.1589516954671173
743,298277,972.9549464175576,0.3246419111819258
156,523650,972.3450702868009,0.21728428580451636
400,681291,972.3025223581415,0.1358005448410262
922,589178,971.6222265625,0.1437817689214593
568,412097,971.4391731770834,0.21896522347228137
691,631967,969.84177734375,0.148091682240969
965,605782,968.68638671875,0.18933531236000442
166,424975,968.1789322916667,0.20362365277598551
313,542888,967.0964162726151,0.22237809268709738
1091,659079,966.6364553351151,0.12365004187171462
51,555030,965.4786067708334,0.16479320258513494
293,480763,964.8217002467105,0.2201167718299424
369,502792,963.1797591145834,0.18009342095466382
581,387181,963.0242122395833,0.3320595887058042
511,445306,962.0711284436678,0.19131942598408389
721,600026,961.9007311369244,0.145884305563841
231,387560,959.93888671875,0.25441384361053554
405,348555,957.2505403645833,0.27375922293775484
710,368092,957.1715397135416,0.27906289941538304
517,472131,955.3176333778783,0.31042760196020125
327,607049,955.1054623252467,0.1749920471027997
753,637441,955.0808333333333,0.1339872269337376
297,548714,953.20224609375,0.14064662845212683
619,333066,951.6139713541667,0.3384716881491435
427,575694,950.023359375,0.1685279206154874
41,453885,948.7063932291667,0.21071785829602202
54,610767,948.1965396278783,0.13197782969325977
1017,502487,947.0485454358553,0.20638737791280465
1093,659711,946.6981458162006,0.1344816600350096
616,634644,946.61236328125,0.12892869807880344
489,575054,945.7715357730264,0.15819426775416276
132,570403,945.1537825520834,0.1414329086207969
760,628092,944.8471551192434,0.1411760265601516
1003,538368,942.2249934895833,0.16516327756125915
1029,414211,940.6533845600329,0.5197717815987256
494,707408,940.6084681919643,0.21504978730780636
984,485535,939.7608268229167,0.16305177827283343
628,485403,938.7650017989309,0.21936416591256555
193,407540,935.8640364583333,0.2468745490965952
975,578399,934.12357421875,0.14265577659144135
17,466368,933.9953971354166,0.2688118750920576
30,314606,931.0252388619087,0.2770130993008906
162,603662,930.1515169270833,0.12716907250346127
334,402613,929.7119921875,0.20859170598206084
264,525542,929.4029091282895,0.18331110331225556
624,525952,929.2765950520833,0.22532810694653094
695,432850,928.9527571614583,0.3256487871899275
124,356985,928.440517578125,0.27011920482050983
987,517940,927.6644287109375,0.226217828440142
160,433449,926.9539518229167,0.20761983147290786
33,626698,926.3357065561655,0.13811258733746104
861,302978,926.122666015625,0.27946156620686735
177,290756,924.7037514134457,0.4455398577008754
991,455764,924.3505989583333,0.17955778951028575
355,697973,922.4666234066611,0.12220385293952778
666,568525,920.3680338541667,0.14730643105439137
318,567418,920.0110184518915,0.1818613178406645
685,443283,919.9615559895833,0.32779615802192436
287,637100,919.2145703125,0.12844194400415337
200,598494,918.9125911458333,0.13165607063817691
728,419548,918.4672330729167,0.18805056436380135
1060,563561,918.1742643229167,0.13456562193974653
742,637235,915.9449153645834,0.12274406546783743
463,467458,913.7643294270833,0.2452206909190328
328,339333,913.6367545572916,0.2857190497843279
245,733566,913.3210677083333,0.10703471843320107
252,801107,912.5974479166666,0.10475070609378799
1057,489787,910.2311240748355,0.17586175033940038
210,239925,909.7179329427083,0.32031824814013415
973,548338,909.2348307291667,0.14412923730170912
139,503400,907.8679036458333,0.1825157538954029
478,528020,906.7941830283717,0.20942719700631748
392,561190,906.7237434895833,0.18728005859290517
741,641497,905.7289268092105,0.13127666152839937
856,563165,905.284822162829,0.14442689135217007
283,592304,904.2467708333334,0.13536153420137698
1076,311728,903.379921875,0.29984133106054817
106,685463,902.801712839227,0.12406478545536365
786,256109,902.7516704358553,0.5029714288509529
677,543742,902.4564778645833,0.17769850334532275
343,594642,901.3218359375,0.12625479872899406
775,661476,900.25701171875,0.11781572720816343
908,310259,900.0004069010416,0.2694375511934317
436,421791,898.5117123252467,0.2375521526563775
382,601459,898.3067241467928,0.15441770697381715
203,536240,898.1182797080592,0.18356896691599545
878,656845,897.8282277960526,0.15120527566719888
1000,552042,896.0874609375,0.16483294093173553
724,538681,895.8815625,0.1792710376927467
261,895861,895.340546875,0.10886039446181403
460,291518,894.7822329872533,0.312646422879718
765,672076,890.63017578125,0.1292141696530166
754,556611,890.4174162212171,0.2509526724485626
237,366921,889.6901534231085,0.22835095452687812
62,506628,887.87228515625,0.17659645466030377
840,510837,886.860152395148,0.2761968746612743
194,383537,886.6738248697917,0.21501390243107152
819,456405,886.0422170538651,0.188053995691349
590,407489,884.6411458333333,0.20053019398029448
613,480596,881.6590961657072,0.1717833202915326
440,419502,880.94970703125,0.24409421896710606
627,522384,879.9472395833334,0.1708443245682921
983,653533,879.3742578125,0.14658417642700566
317,435724,879.1653125,0.18391615682658827
556,557555,878.7705913342928,0.21359066298833249
671,527376,878.38427734375,0.14166400324029796
482,598450,878.098587839227,0.1357922527998314
790,584488,877.5753125,0.1404972018144483
525,739895,875.2277189555921,0.11946892166478278
137,636940,874.27130859375,0.1398644083350321
892,572003,873.2033338044819,0.1701555933895627
155,526193,871.9499153645834,0.1595807979252894
569,350422,871.3088571648849,0.21923702360570532
845,389318,870.3607552083333,0.1943742742486429
376,641451,869.5507427014803,0.15274280368343984
674,613717,869.5345442708333,0.13164149996821295
243,528940,868.96431640625,0.1405969637119113
260,487524,868.9235647101151,0.16442178700895568
465,633585,868.2967057291667,0.12130986077849595
605,571012,868.2074153645833,0.1291959430222179
883,359882,867.564072265625,0.24326332562225605
978,575600,865.4484028063322,0.15842784514652322
745,575120,864.6739373458059,0.145121323922044
512,599246,863.7826933808379,0.14949945874402074
573,296979,861.965693359375,0.26625227247593547
893,484708,860.1387434895834,0.17383960055868317
601,379191,854.8038606770833,0.21094224647875248
998,350409,852.8240266927083,0.21357496382149002
518,470645,852.67337890625,0.19190509369101683
1112,700511,852.2312369791666,0.1537242790635323
575,409297,851.77236328125,0.29649969864450676
1039,628550,850.0277994791667,0.1248279120081088
847,504748,848.5894791666667,0.16390537640559746
420,400712,848.0118815104166,0.1940901949407511
1052,551901,847.85775390625,0.13560317921080103
256,640277,847.4841080729167,0.1519611118395733
1059,682286,847.0213430304276,0.11267954194676695
917,503604,846.0520377604166,0.24119759741279093
96,409805,846.021439401727,0.4196444865299684
350,548316,844.6258984375,0.13612866790033318
1115,546340,844.5312369791667,0.13349217970195454
71,684190,842.50841796875,0.11006903299698248
168,589037,842.07564453125,0.12843020213755896
1058,557013,841.5180598958333,0.1542813617191438
103,366127,841.0259945518092,0.21833063392639623
340,523695,840.3312217310855,0.17112707936603117
151,556350,839.8802618729441,0.1574754647004684
623,529368,838.9473697916667,0.15479245819757725
142,342979,838.9234765625,0.2181417220723125
658,439742,838.5731510416666,0.20961340405918263
932,570571,837.9538151041667,0.1376016248444728
1109,373566,837.4871419270834,0.22322048160245045
683,644243,837.4637643914474,0.15613879481487206
1040,669620,836.48095703125,0.11021329207006986
429,408461,835.5387369791666,0.19205163355445595
843,715842,834.278898540296,0.11070262852440418
604,549039,834.0368359375,0.1516104283446446
885,456890,831.9046744791667,0.16416389296799672
209,528023,831.482405777816,0.47823467787522106
646,393607,830.8749153645833,0.2009477760671245
13,381154,830.84228515625,0.22909205702187954
374,561221,830.708541067023,0.14786477349552368
931,368828,829.9399923806662,0.40856063653382885
417,540290,829.31328125,0.16105957700629128
138,593311,827.0431614925986,0.22798877004349585
45,415203,826.966748046875,0.2043391944663373
663,467502,826.8065690104166,0.17423147439364658
859,609974,826.17146484375,0.1220876188080488
403,587301,826.0179296875,0.12715673162370747
852,336208,823.4206868489583,0.2598623200274265
44,407699,819.7281622635691,0.22563362821601293
12,586577,819.6532486979166,0.1261303225044958
744,589330,819.3282421875,0.12665340628290855
8,483311,819.12498046875,0.15202432041821243
780,503646,819.0019338507401,0.21205712382066558
224,578583,817.2774153645834,0.12294697645086868
937,584281,816.5827213541667,0.11466180611300013
867,409174,816.5198049021291,0.40837551538293737
504,529742,816.3964329769736,0.15836100263162317
347,405703,816.3764713541667,0.1873804407697851
102,551907,816.2621223958333,0.13758245430389454
551,517433,815.7280658922697,0.1479740976896689
186,303742,815.2312272135416,0.24522586455261522
112,489928,814.5786518297697,0.14718498200780877
147,636903,814.3755403645833,0.11461532753955288
301,420100,814.250199167352,0.1843481726041295
943,552413,813.4477213541667,0.13557375933952368
402,448903,813.0019274259869,0.18721178774758104
737,480129,812.9806119791666,0.17033175051048283
1048,582603,812.8940493935033,0.12391625421326569
537,472837,812.6163736979166,0.15796867606371148
338,523931,811.9893619791667,0.16614662093448476
812,490387,811.4510947779605,0.26648207515369504
505,392158,810.54779296875,0.20259233887973313
884,480530,810.4244466145833,0.1700295447124778
239,415965,810.3469921875,0.1939272909388527
487,558435,809.4158100328947,0.12330384930804582
561,531793,807.8409049479167,0.18009770937239852
288,431372,807.5567838541666,0.19025267595806203
88,473952,806.7521651418585,0.362549388816424
617,503766,806.4118780838816,0.24407784218118767
1067,478301,806.0999088541666,0.1624781284840503
977,347302,803.6278385416666,0.2427601703052055
1036,400591,803.5209635416667,0.20159475418401376
540,539608,802.10099609375,0.13366939803662445
223,562648,801.2475521689967,0.1416538735791209
1043,626720,801.191207082648,0.126570800447214
762,331271,800.8147233072916,0.23437125570819936
49,597874,800.6589908854166,0.12455126771387368
491,543739,800.5686328125,0.12514725136004085
992,407213,800.1498958333333,0.21020047503670827
929,457872,800.0929918791119,0.1671827131740764
795,351305,799.9411751302083,0.22044613631420806
602,495312,799.8465559895833,0.14740526548886737
304,532714,799.7804854543585,0.1397416123667476
119,468797,799.723343698602,0.17671220014019295
101,599492,798.7651881167764,0.12156629721361885
813,454437,798.1340657552083,0.15926898309361348
1084,482653,797.6972200520834,0.14498690740414658
414,524812,797.4733203125,0.14032665364010313
514,467471,795.4282291666667,0.18905565401259455
175,476334,795.1765971936678,0.15759272688040807
959,559389,795.0078317742599,0.21330835220488
784,520829,795.003828125,0.13342910150823947
1072,557601,793.8203450520833,0.12572445996218057
661,557049,793.7729427083333,0.13415274080334588
349,675862,793.30859375,0.10779834395034996
1031,367679,792.4640950520833,0.24485237364269583
9,568988,792.2807023331926,0.12247485049928787
699,591338,792.06392578125,0.11892717423629241
179,572209,791.4476497395833,0.15687150935673383
830,490508,789.9160348992599,0.2400743969018481
146,636935,788.3265299479167,0.10741591335748067
159,596112,786.12169921875,0.12010902739478477
891,562664,785.51080078125,0.14125293781738993
822,573653,784.6866455078125,0.1439684816654011
109,507890,784.371337890625,0.15018994193216245
1108,451544,783.9845805921053,0.320201368226414
1028,386966,783.93802734375,0.2422342982678074
446,361297,783.4964453125,0.3028676084957499
1055,586709,783.4371337890625,0.14688913201655535
441,525034,783.3149088541667,0.13707194873942277
67,626692,781.7943684895833,0.15973135743113323
823,470742,781.0202508223684,0.18729337146691874
834,462904,780.9107666015625,0.20182353988269033
275,519489,780.87353515625,0.15087774286375347
836,474600,779.0155832391036,0.28869835335195787
1070,560271,778.9888723273026,0.14937982450273019
792,538886,778.95837890625,0.13234081063374362
747,620897,778.8248291015625,0.14383208630705013
1024,470108,778.4000950863486,0.15599718965106835
541,530778,778.3520703125,0.15520352580362065
363,572777,778.1053659539474,0.13449404929593636
879,313680,777.7363704427083,0.21678322305071396
1011,544731,777.4525390625,0.15195485527080893
232,297671,776.5777844880756,0.25089334075027003
889,321945,775.9926275956003,0.2749823901683963
228,642049,775.4787825520833,0.11630620680416257
1065,329505,775.078544921875,0.22071203069589715
609,370521,773.8664165296053,0.20246922978449391
161,578137,773.5485481770834,0.1317695492142248
61,399534,773.3666666666667,0.17891670078117314
759,557583,770.2381770833333,0.14733290293377363
1007,568028,769.8760922080592,0.1387025273223215
136,433899,769.0439127604167,0.16676728236738053
189,652652,768.4889973958333,0.1129535695272674
954,519466,768.4642252604167,0.1517714895091911
10,452909,767.9639420572917,0.16339623373679313
706,449902,766.7420833333333,0.16341840842683206
290,551839,766.44349609375,0.13990637475982878
326,429105,765.1294856770834,0.16322308833745466
961,503883,763.6311653645834,0.18385337241008215
1082,502307,763.0120399876645,0.20780420128558302
862,635778,762.393265573602,0.11583614558013076
625,494428,760.9316796875,0.13519898030928118
763,477113,759.287841796875,0.17201764330012423
500,474630,758.8254752604166,0.14709466606776903
305,492129,758.5833984375,0.12675070874512803
708,448762,758.1797035618832,0.14857143193621333
496,617020,757.396683542352,0.12123834149117871
249,418091,755.957673725329,0.1769520357639688
439,552054,755.8632748252467,0.12068704842690844
802,539984,755.3654977898849,0.1545921201722308
94,575188,754.9856901041667,0.13194678814842423
362,729248,754.2649348958333,0.1270871733328879
979,515091,753.5037359940378,0.13339901067149498
149,424480,752.9294856770833,0.1962832582852802
503,537569,752.9223761307566,0.1482092688330948
572,531776,752.75884765625,0.1485089221574563
589,393487,752.43736328125,0.2838490978468048
641,416209,752.1654427083333,0.22609395453262038
184,508897,752.05140625,0.16458734391937385
579,605255,751.8349674479167,0.11969491754308625
72,342530,751.6494856770834,0.24055507115459748
121,330945,751.4022441663241,0.2881792304129279
322,393167,750.7712113229852,0.28207686949795113
651,576303,750.6931705729166,0.12559903873370948
18,534802,750.1221549479167,0.14063228396464159
1107,487170,748.3847591145833,0.1452075407840427
284,418881,748.2563736979166,0.19851676347909905
63,572674,745.7163021689967,0.12254715041833801
597,407015,745.0139388020833,0.1676770865040133
669,385618,743.5513606770834,0.17197653567497573
563,350238,743.0700651041667,0.23749594002511173
989,410254,742.78638671875,0.1663446071218759
180,572675,742.6160695929276,0.12087175150074957
93,452820,742.0486002604167,0.19968585063242833
1044,464763,742.0091276041667,0.16092985193669793
981,558632,741.6643644634046,0.15020205708946932
804,393176,741.5008268229167,0.18400486266910196
127,413327,741.2223046875,0.1754863079874104
21,431135,741.0944494298986,0.17944000898260848
295,463262,741.063408203125,0.14801490410884222
783,550724,740.7324282997533,0.1353632151750737
202,505656,738.93767578125,0.1553344033572054
70,509182,737.6445378483953,0.16326320176879816
962,522703,736.7058203125,0.1477419925672702
278,555332,736.7024889494244,0.1316676509415441
471,538661,735.7058528645833,0.12490008514573495
37,522156,735.0539872018915,0.15417278721916017
1050,554188,734.3626236979167,0.12125253996267538
490,631680,732.8785872395833,0.10748280880037205
356,491156,732.8378255208333,0.13572795361852122
672,651466,732.2227333470395,0.10387961315815593
187,481618,731.8533999794408,0.18226277575857974
77,607456,731.4744986979167,0.10922594380097601
766,522984,731.38150390625,0.13475733590399278
43,496877,731.0914583333333,0.192170679365901
182,432314,730.4160091145833,0.14717127711980751
409,471615,729.8760904947917,0.1481056120397115
910,458816,727.8692819695724,0.17067036877838698
582,508137,727.76716796875,0.17062542006331008
1104,416258,727.6843912760417,0.16896876427062
700,346752,727.1939485677084,0.3490908896903718
294,473755,724.731435546875,0.15063973885716922
95,535124,724.1140008223684,0.20143438827266538
120,553521,722.90998046875,0.11421063331427685
614,511534,722.3576338918585,0.1351847497516773
565,519327,722.0572981770833,0.17196489099714204
65,397568,722.0550280119244,0.23055818013959936
1085,550608,721.7283036081415,0.17121380852067627
860,488570,721.6080883129223,0.15393779126861332
584,389046,721.5832161458334,0.1649373003151655
1025,574226,721.5305924479167,0.11056386731319996
378,535614,721.3935481770833,0.1425210936494446
130,398076,721.1926953125,0.16571288980513377
942,498446,719.1520377604166,0.14867071650037864
870,540333,719.0854106702303,0.14620511128491634
549,372761,719.0080951891447,0.20475702033509174
498,539505,718.9026236979166,0.12076772930604172
667,672136,717.1557295949835,0.10829118180639204
854,474145,716.4740504214639,0.15647062624899707
346,586923,716.4669856770834,0.13148545759742952
1095,367739,714.7302920692846,0.1802859436372099
901,540432,713.9643490439967,0.14396400477061558
631,441595,712.938386615954,0.17274523525576035
169,453816,711.5140364583333,0.16009962940686928
247,639106,711.4395833333333,0.10976983620111216
686,478963,709.8824912623355,0.19328727511907276
173,626756,707.5101382606908,0.10853372850098907
296,527261,707.4765234375,0.15771558055736912
163,521202,705.9400827508224,0.12323783132039041
960,543700,705.9197591145834,0.11688412589218876
225,417095,704.3293103669819,0.18591932547977333
38,484385,703.9675520833333,0.13972831995350288
47,571960,703.9551359477796,0.11810792026217361
547,473577,703.43044921875,0.17720302649109285
150,674675,702.9079975328947,0.1165023103255001
1074,395353,702.5230648643092,0.2043121800938113
26,525795,702.3990104166667,0.1356520983328515
135,482905,702.03740234375,0.13857437482580628
782,425401,701.6529296875,0.32240885535342695
246,559784,701.5092452199835,0.13560644609042202
716,435659,700.9831640625,0.16066848568335532
611,458689,700.9493033854167,0.14568479121859196
50,351182,700.8041276041666,0.2106062941464658
660,390739,700.1248404947917,0.26554234918021286
248,606581,698.9331440172697,0.11056316408941408
529,632039,698.0693423622533,0.10774723478281828
258,448370,698.0487825520834,0.14625426563863292
89,470716,697.1538671875,0.15440577636744818
596,368017,696.2096493369654,0.18240028819439974
1020,672773,695.7719791666667,0.1077468113153848
1111,365503,694.639560546875,0.23273729850862956
53,409679,694.4038214432566,0.2164825774568802
848,527217,693.2800651041666,0.12524822788516873
968,570045,693.2458110608553,0.12512638408763502
371,518632,692.7343098958333,0.1399110681011168
638,483708,692.43552734375,0.1409531295791023
757,532782,692.2680338541667,0.17954441253752854
75,486256,692.0393773129111,0.14786306970381843
701,452263,691.30236328125,0.14857746393759916
886,528230,691.1636067708333,0.14812301593120938
428,504095,690.9245833333333,0.12490320108018035
872,585441,690.90970703125,0.11056144854883022
930,536900,689.0033528645833,0.1277382428079202
1001,446719,688.8372353001645,0.20072957336770117
643,600111,688.7452199835526,0.11135963692879708
509,465337,688.2534505208333,0.15831968447262357
222,393790,685.5134084601151,0.1941214630981882
399,461536,684.8206770833333,0.13526935736877838
519,416338,684.3689671566611,0.1728446266566878
869,450649,683.7576069078947,0.1886602560505634
111,531077,683.7177799479167,0.12728118834883778
808,584806,683.3711451480264,0.11273466473012522
196,407554,682.3079416375411,0.1776657831861536
850,485168,682.0172721354166,0.13058249007142725
877,507005,680.4708514636076,0.22081840157616975
1079,639795,680.06421875,0.10053912447520826
994,376319,678.5095540364583,0.21463227342103963
451,439800,677.9482161458334,0.13836355736614606
712,460919,677.7053450520833,0.13801075081725586
927,504584,677.4889908854167,0.16071680832030466
289,469129,675.0939127604166,0.14066651453187098
462,352999,674.5940776624178,0.22516425340313775
11,560936,674.2986783854167,0.11243573268254808
351,478694,674.0194205729167,0.12361719161260733
32,318786,673.7091691300676,0.20585499922083622
801,417623,673.6968512284128,0.1711687752348303
153,486112,672.7749609375,0.16458335608842184
309,528619,671.6996809895834,0.1237371045269346
52,508723,671.15400390625,0.12553582946587347
145,589979,670.3696549479166,0.1052659897977424
339,414069,670.305390625,0.1695943497676548
806,531330,670.1550520833333,0.11093872546154149
653,449399,669.6632942708334,0.15522847208814428
337,414296,669.17361328125,0.1570393994871313
598,440975,668.6115625,0.14694206473416752
391,422784,668.218232421875,0.21002689870757651
986,386526,668.0411360677083,0.1695390226501293
936,513280,666.5792903645834,0.12512405165983173
583,330227,665.5180439196134,0.18719143447475006
776,369530,664.531962890625,0.1783455086604235
692,498657,663.3130989583333,0.14561692125432643
454,455411,663.1820261101974,0.2456434996832974
238,564798,662.9354361979167,0.11763405579389845
244,413806,662.2702506510417,0.1607495087772381
241,519988,662.0780533854166,0.13060206040644246
377,639023,661.9390483655428,0.10484230633115958
576,519650,660.72607421875,0.13946941977476057
408,384607,660.3008821614584,0.16008618960578427
235,418127,658.9023763020833,0.15127050179375537
890,484691,657.66115234375,0.13283712115614016
273,595575,655.2478385416666,0.10555675955665632
1094,381409,654.929677734375,0.18727338779538652
197,530083,654.2411980879934,0.14486638060738588
99,442335,654.0199869791667,0.13961673561734492
78,288027,653.7793996710526,0.2120713074245288
718,586679,653.6719140625,0.13469709418887624
832,517792,653.2041471354166,0.11392296686432057
990,493260,652.305085834704,0.14260264607679451
618,574647,652.2117708333334,0.11423825467054162
567,382275,652.0566796875,0.21392281619374431
1103,446902,651.284228515625,0.1318078673123223
265,410546,651.05994140625,0.22696959193931796
1053,670934,649.1523309004934,0.09364991078875128
201,416550,649.09755859375,0.1491614125948421
864,345048,649.0559244791667,0.16834807303931384
92,496244,648.0159635416667,0.11368897695505112
508,565234,647.9284049479166,0.10490412451586312
665,610609,647.88736328125,0.14107949537131595
1034,490004,647.6131591796875,0.15001769470588291
105,392573,646.7803125,0.19235243143945288
939,460730,645.17330078125,0.14315213709800395
319,576137,644.2450786389803,0.11248385869696952
143,492088,643.5634309895834,0.13125638858302094
188,418807,637.99001953125,0.14320302167156243
833,420715,635.8736263020834,0.14354906605295897
74,465172,635.6774283854166,0.15573780331791998
650,486363,633.9885872395834,0.1197944712273893
114,409389,633.7900904605264,0.166827110099944
255,500703,633.25353515625,0.12375543564612418
805,428889,633.17939453125,0.14562713759993742
331,433205,632.002919921875,0.15323273941710674
777,348654,631.394111328125,0.17236584081498954
516,466491,630.9137825520834,0.17795669043764548
681,304401,630.72814453125,0.21722240409828905
900,492332,630.5016471354166,0.12415110584509216
477,489609,630.2003841145834,0.12440717886510771
652,534274,629.9179205643503,0.11875356460193491
1030,275361,629.0171219675165,0.2436716826838654
19,517609,628.8081648543074,0.12793986158856324
935,445017,628.5886937191611,0.16138952936713077
1100,385058,627.890595703125,0.19067716464870269
14,417580,627.3249346758869,0.14287132788270843
23,421043,626.9800596494932,0.17881284543191356
1041,472424,626.4025390625,0.13308437659840888
506,551817,626.2989518229167,0.1008642867345592
793,387420,624.9220833333334,0.19260282814598048
1087,519731,623.0952212685033,0.12319754395922787
988,388509,619.7104363692434,0.17233499151396556
227,489652,618.6610611979166,0.12627533525907295
361,489311,617.6403423108553,0.13890799715609947
976,533153,615.8476236979167,0.1382813778412838
858,390845,615.7937239583333,0.15802617245530065
606,448267,614.8993755139803,0.1295355302099164
720,557851,611.8949424342105,0.10869822175798674
55,396243,611.7678319027549,0.1575595049680199
181,475934,610.5990071614583,0.1749176543489108
689,511313,608.8712239583333,0.12594117912569783
1088,396870,608.8547526041667,0.17865445168876995
629,488047,608.8016276041667,0.1362808350932908
66,482638,608.7619401041667,0.1263566436120158
172,536060,607.63880859375,0.11171485436625217
1015,477871,605.55650390625,0.11526118923583085
980,485614,605.4378645833333,0.13987971259056192
486,339766,605.4240201822917,0.19467545466364855
1016,434200,603.9250390625,0.1500581868813498
821,546453,603.0368716591283,0.12483650091455753
365,432157,601.7082291666667,0.13778195032030868
3,531133,601.6941511824324,0.10086019715695484
1005,481401,601.5926106770834,0.13374971413914769
920,476549,601.4740885416667,0.11069587899599079
131,392089,601.321123046875,0.15005441686345586
1083,437710,601.1126432291667,0.1300630322158075
1062,479814,600.96828125,0.1185964986588989
919,424576,599.5554557291666,0.15750982394640836
1106,384087,598.9021574321546,0.20657686467462255
591,444639,598.7947981770833,0.12963517172434644
953,414687,598.2649985865543,0.1906095122647478
221,481447,598.0213430304276,0.12076591560753273
844,316548,596.2142496744792,0.1759965858447873
521,405049,595.9098470052083,0.13534965805662694
1105,404485,595.7589876302084,0.13005182196960802
1102,521796,595.1895182291667,0.09956540329589468
410,509584,594.7284830729167,0.12896201633515889
1096,462555,593.4894401041666,0.1259226489293112
946,328748,592.5270377604166,0.15683445015067818
226,523093,590.73033203125,0.12095923636063732
670,512665,590.6427604166666,0.1081645497134358
457,424780,589.1933138020834,0.1366017899638164
542,469873,588.2261588541667,0.11966730697499162
778,435788,587.46666015625,0.1374046023878168
499,445626,586.1252115885417,0.1253167114385373
1023,446742,585.2720112047697,0.14110406850951482
15,523785,584.5604947916667,0.1115804711886514
386,535032,582.82154296875,0.1113386337572545
216,525865,582.775625,0.10585436148867791
126,421296,582.0617252604167,0.1324766170142649
204,438365,578.3730859375,0.12706311640843604
191,524750,578.1357096354167,0.10303553771145224
141,424844,577.3684830729167,0.15092074937933236
746,519950,576.25255859375,0.10607261750441689
1004,434917,575.472900390625,0.1352610563222191
87,458710,572.2968685752467,0.13164697800446723
887,532829,571.8918359375,0.10485688989500265
837,309940,571.2656119791667,0.21656080343464737
116,557740,570.9897139699835,0.09904989427673586
934,519433,570.8077669270833,0.11471147768990522
918,402357,570.4453895970395,0.1918669287946114
771,533659,570.29373046875,0.10233666166209454
404,393122,570.174501953125,0.21364401005250605
1054,479088,568.3744024979441,0.12679035275168818
824,567492,565.7498265316611,0.10683225677649774
220,369606,560.6931640625,0.14581039101509924
360,542101,559.1649169921875,0.11413839474419281
272,476154,559.0597493489583,0.11222333930972715
1098,407931,558.7442112972861,0.1596563336603063
46,413163,558.2174576822916,0.14527298748057912
1071,473363,557.9932347347861,0.11401113392125811
398,431490,556.0652626439145,0.15038184275570746
688,277072,555.1055876079358,0.23244519290029134
2,378510,554.055224609375,0.14643868150923187
311,531846,553.6271223958333,0.1095705424476022
86,352953,552.6087760416667,0.16011424929224743
648,504326,546.7264661287006,0.11501411063980733
418,408261,546.595244140625,0.16724437442440762
882,477964,546.1463020833334,0.11081747433705853
714,405917,545.48123046875,0.1341538307970732
205,506517,541.2591103001645,0.10686175506491631
1077,345674,535.375390625,0.1476703066506982
481,450637,533.08005859375,0.12173677937942994
79,436091,532.3055501302083,0.1211886864322428
600,572506,530.6094970703125,0.09170490938000281
803,455105,530.3793033854166,0.1284870865719804
941,404132,529.0327766927084,0.12016083637580673
22,361606,524.8036581503378,0.13593072789682645
352,519067,516.2485544305099,0.09786104705325886
321,476593,515.8069618626645,0.10643659533571465
748,443674,512.5731380208333,0.1163420226289833
797,394636,512.1541796875,0.11828136415826693
621,460928,508.177890625,0.10530736229660431
752,394755,503.31220703125,0.14535702459187164
280,483089,502.9246549479167,0.09723029136135636
98,431087,501.2576139322917,0.10977498100825195
635,456523,491.3352821751645,0.1547868565537878
1035,368820,490.40757349917766,0.20495700597036626
397,460814,489.47486328125,0.1377953883864631
855,464573,488.154775390625,0.1069979332452975
303,468547,487.5728483072917,0.10211069650046406
564,460787,487.50060546875,0.10499962721114038
950,446631,487.3173470052083,0.10514319121028003
1008,440821,484.22757118626646,0.13741387266252197
835,422788,481.62728515625,0.1146683598149284
764,307521,481.4174479166667,0.1961658592512169
28,355185,475.91319661458334,0.20505449793412675
875,384826,474.07430338541667,0.1204258454967524
969,305540,473.987646484375,0.14549170893143273
364,399939,472.51094401041667,0.12985379179991674
1013,279341,467.2551513671875,0.1693784042074699
566,426936,465.5490015933388,0.12137696590028182
314,385743,460.8682096354167,0.12225671213600973
5,353245,451.4090250651042,0.1493254496820408
955,393993,447.418564453125,0.11366431981658906
555,369680,389.5163834635417,0.0997553475118418
